               epoch,      train/box_loss,      train/obj_loss,      train/cls_loss,   metrics/precision,      metrics/recall,     metrics/mAP_0.5,metrics/mAP_0.5:0.95,        val/box_loss,        val/obj_loss,        val/cls_loss,               x/lr0,               x/lr1,               x/lr2
                   0,             0.11494,            0.014778,            0.080493,                   0,                   0,                   0,                   0,            0.076702,           0.0098848,            0.052036,              0.0991,              0.0001,              0.0001
                   1,             0.11321,            0.013516,            0.075758,                   0,                   0,                   0,                   0,            0.075936,            0.010046,             0.05175,            0.097299,          0.00029941,          0.00029941
                   2,             0.11084,            0.012913,            0.075657,                   0,                   0,                   0,                   0,            0.074894,            0.010264,            0.051348,            0.095498,          0.00049802,          0.00049802
                   3,             0.10478,            0.020798,            0.075091,                   0,                   0,                   0,                   0,            0.073828,            0.010422,            0.050881,            0.093696,          0.00069584,          0.00069584
                   4,             0.10172,            0.016141,            0.074573,                   0,                   0,                   0,                   0,            0.072048,            0.010756,            0.050349,            0.091893,          0.00089287,          0.00089287
                   5,            0.098607,              0.0198,            0.072256,                   0,                   0,                   0,                   0,            0.069439,            0.011221,            0.049519,            0.090089,           0.0010891,           0.0010891
                   6,            0.087684,            0.027609,            0.069113,          0.00072046,                0.05,          0.00039828,          0.00011949,            0.066753,            0.011688,            0.048702,            0.088285,           0.0012846,           0.0012846
                   7,            0.087722,             0.02298,            0.068424,          0.00067935,                0.05,          0.00039002,          0.00011701,             0.06423,            0.012096,            0.047794,            0.086479,           0.0014792,           0.0014792
                   8,             0.08244,            0.021904,            0.064339,            0.001321,                 0.1,          0.00079675,          0.00015935,             0.06311,            0.012246,            0.047146,            0.084673,           0.0016731,           0.0016731
                   9,            0.079112,              0.0201,            0.063175,           0.0037834,                0.25,           0.0024494,          0.00047651,             0.06243,            0.012244,            0.046471,            0.082866,           0.0018661,           0.0018661
                  10,            0.075552,            0.030795,            0.060751,           0.0064155,                 0.5,           0.0051053,           0.0012243,            0.061226,            0.012403,            0.045641,            0.081058,           0.0020584,           0.0020584
                  11,            0.088311,            0.018653,            0.059508,            0.010298,                 0.9,             0.01168,           0.0022764,            0.058471,            0.012896,            0.044552,             0.07925,           0.0022499,           0.0022499
                  12,            0.082326,            0.024347,            0.060366,            0.009822,                0.95,            0.011584,           0.0028378,            0.056611,            0.013175,            0.043631,            0.077441,           0.0024406,           0.0024406
                  13,            0.071225,            0.023704,             0.05626,           0.0086891,                0.95,            0.014747,           0.0034909,            0.054297,            0.013522,            0.042464,            0.075631,           0.0026305,           0.0026305
                  14,            0.074307,            0.026818,             0.05481,           0.0087715,                   1,            0.026826,           0.0064941,            0.051931,            0.013801,            0.041154,             0.07382,           0.0028196,           0.0028196
                  15,            0.067439,            0.023131,            0.052362,           0.0083972,                   1,            0.060431,            0.026582,            0.048147,            0.014334,            0.039455,            0.072008,           0.0030079,           0.0030079
                  16,            0.067743,            0.029508,            0.049068,            0.007928,                   1,            0.092456,            0.031677,            0.048015,            0.013911,            0.037405,            0.070195,           0.0031955,           0.0031955
                  17,            0.054848,            0.021288,            0.040964,           0.0077321,                   1,              0.1472,             0.03059,            0.043688,            0.014414,            0.035045,            0.068382,           0.0033822,           0.0033822
                  18,             0.06145,            0.024611,            0.046181,             0.30449,                0.45,             0.38394,             0.20147,            0.040384,            0.014094,             0.03249,            0.066568,           0.0035681,           0.0035681
                  19,            0.059642,            0.021998,             0.04505,             0.13663,             0.48611,             0.32038,             0.07772,            0.039981,            0.013476,            0.030778,            0.064753,           0.0037533,           0.0037533
                  20,            0.069497,            0.020567,            0.046039,              0.1494,                0.55,             0.25919,             0.07665,            0.039971,            0.013431,            0.030869,            0.062938,           0.0039376,           0.0039376
                  21,             0.06763,            0.021394,            0.044426,            0.046815,                 0.3,            0.073646,            0.023143,            0.046791,            0.012591,            0.029805,            0.061121,           0.0041212,           0.0041212
                  22,            0.069516,            0.024999,            0.040991,             0.36106,                 0.9,             0.37586,             0.11356,            0.039549,              0.0125,            0.029092,            0.059304,            0.004304,            0.004304
                  23,            0.070915,             0.02289,            0.038768,            0.056618,                0.95,            0.063751,            0.032982,            0.046922,            0.012025,             0.02891,            0.057486,            0.004486,            0.004486
                  24,            0.063544,            0.020354,            0.037286,            0.063979,                0.85,            0.074913,            0.035412,            0.051883,            0.011327,            0.029247,            0.055667,           0.0046672,           0.0046672
                  25,            0.065485,             0.01431,            0.039394,             0.19069,                0.85,             0.21168,            0.087023,            0.054899,            0.011155,            0.028962,            0.053848,           0.0048475,           0.0048475
                  26,            0.074313,            0.019286,            0.036298,             0.12086,                 0.9,             0.15712,            0.057978,            0.056837,            0.010669,            0.029014,            0.052027,           0.0050272,           0.0050272
                  27,            0.067389,            0.015735,            0.033605,             0.12086,                 0.9,             0.15712,            0.057978,            0.056837,            0.010669,            0.029014,            0.050206,            0.005206,            0.005206
                  28,            0.067961,            0.015208,            0.035504,            0.078692,             0.62799,            0.099046,            0.029256,            0.050718,            0.012278,            0.029195,            0.048384,            0.005384,            0.005384
                  29,            0.073262,            0.014972,            0.039294,             0.26244,                 0.8,             0.43055,              0.1579,            0.049079,            0.011288,            0.028949,            0.046561,           0.0055612,           0.0055612
                  30,            0.064574,            0.023631,             0.03452,             0.26244,                 0.8,             0.43055,              0.1579,            0.049079,            0.011288,            0.028949,            0.044738,           0.0057377,           0.0057377
                  31,            0.065435,            0.018672,             0.03228,            0.055213,                 0.6,            0.072673,            0.034196,            0.061403,            0.011477,            0.028858,            0.042913,           0.0059133,           0.0059133
                  32,            0.076225,            0.017181,            0.033864,             0.47614,             0.92524,             0.59965,             0.20165,            0.035828,            0.012267,            0.027587,            0.041088,           0.0060882,           0.0060882
                  33,            0.061447,            0.015608,            0.032873,             0.47614,             0.92524,             0.59965,             0.20165,            0.035828,            0.012267,            0.027587,            0.039262,           0.0062622,           0.0062622
                  34,            0.065615,            0.017769,             0.03501,             0.12658,                 0.8,             0.15776,            0.029651,            0.057865,            0.011511,            0.027328,            0.037435,           0.0064355,           0.0064355
                  35,            0.069357,            0.016499,            0.033254,             0.29464,             0.81917,             0.31485,            0.078949,            0.054689,            0.010337,            0.026297,            0.035608,            0.006608,            0.006608
                  36,            0.074744,            0.013495,            0.033854,             0.29464,             0.81917,             0.31485,            0.078949,            0.054689,            0.010337,            0.026297,             0.03378,           0.0067797,           0.0067797
                  37,            0.062804,            0.015696,            0.034368,             0.48983,                 0.9,             0.56195,             0.18255,             0.04207,           0.0099888,            0.024818,            0.031951,           0.0069505,           0.0069505
                  38,            0.056131,            0.015845,            0.032383,             0.28689,                0.65,             0.35079,             0.11338,            0.055295,            0.010362,            0.024409,            0.030121,           0.0071207,           0.0071207
                  39,            0.074059,            0.014675,            0.032146,             0.28689,                0.65,             0.35079,             0.11338,            0.055295,            0.010362,            0.024409,             0.02829,             0.00729,             0.00729
                  40,            0.067082,            0.013637,            0.033897,             0.44661,                 0.9,             0.51913,             0.23172,            0.044268,           0.0095335,            0.023599,            0.026458,           0.0074585,           0.0074585
                  41,            0.064681,             0.01853,            0.033914,             0.31732,                0.85,             0.33239,             0.10345,              0.0523,           0.0096915,            0.023729,            0.024626,           0.0076262,           0.0076262
                  42,            0.067232,            0.014976,            0.032359,             0.31732,                0.85,             0.33239,             0.10345,              0.0523,           0.0096915,            0.023729,            0.022793,           0.0077931,           0.0077931
                  43,            0.071936,            0.015951,             0.03323,             0.30568,             0.72509,             0.37231,             0.16721,            0.037265,            0.010281,            0.023093,            0.020959,           0.0079593,           0.0079593
                  44,            0.052072,            0.014661,            0.031903,             0.30568,             0.72509,             0.37231,             0.16721,            0.037265,            0.010281,            0.023093,            0.019125,           0.0081246,           0.0081246
                  45,            0.068602,            0.015748,            0.032357,             0.29278,                0.85,             0.39339,             0.24207,            0.046911,           0.0088519,            0.023132,            0.017289,           0.0082892,           0.0082892
                  46,            0.065951,            0.021919,            0.032755,             0.29278,                0.85,             0.39339,             0.24207,            0.046911,           0.0088519,            0.023132,            0.015453,            0.008453,            0.008453
                  47,            0.067641,            0.014693,            0.033169,             0.61461,             0.96078,             0.71028,             0.26894,            0.039227,           0.0093406,            0.023145,            0.013616,           0.0086159,           0.0086159
                  48,            0.063942,            0.014541,            0.032588,             0.61461,             0.96078,             0.71028,             0.26894,            0.039227,           0.0093406,            0.023145,            0.011778,           0.0087781,           0.0087781
                  49,             0.06854,            0.017101,            0.031551,             0.65364,                0.85,             0.77666,             0.52458,            0.041395,           0.0088542,            0.023301,           0.0099395,           0.0089395,           0.0089395
                  50,            0.070892,              0.0137,            0.032479,             0.65364,                0.85,             0.77666,             0.52458,            0.041395,           0.0088542,            0.023301,             0.00901,             0.00901,             0.00901
                  51,            0.068273,            0.019013,            0.032349,             0.27384,                   1,             0.45224,             0.18484,            0.044409,           0.0092355,            0.023132,             0.00901,             0.00901,             0.00901
                  52,            0.057338,             0.01606,             0.03121,             0.27384,                   1,             0.45224,             0.18484,            0.044409,           0.0092355,            0.023132,           0.0089902,           0.0089902,           0.0089902
                  53,            0.062743,            0.015411,            0.032088,             0.39014,             0.69879,             0.50657,             0.13791,            0.046839,           0.0081839,            0.022736,           0.0089704,           0.0089704,           0.0089704
                  54,            0.066354,            0.015745,            0.033234,             0.39014,             0.69879,             0.50657,             0.13791,            0.046839,           0.0081839,            0.022736,           0.0089506,           0.0089506,           0.0089506
                  55,            0.068471,            0.012587,            0.031917,             0.70287,             0.77243,             0.65826,             0.34521,             0.03724,           0.0075579,             0.02212,           0.0089308,           0.0089308,           0.0089308
                  56,            0.049766,            0.014807,            0.033456,             0.70287,             0.77243,             0.65826,             0.34521,             0.03724,           0.0075579,             0.02212,            0.008911,            0.008911,            0.008911
                  57,            0.046544,             0.01475,            0.029898,             0.54348,                 0.8,             0.64808,             0.29491,            0.051691,           0.0081086,            0.022626,           0.0088912,           0.0088912,           0.0088912
                  58,            0.064747,            0.018314,            0.032342,             0.54348,                 0.8,             0.64808,             0.29491,            0.051691,           0.0081086,            0.022626,           0.0088714,           0.0088714,           0.0088714
                  59,            0.063338,            0.014863,            0.030597,             0.57983,                0.85,             0.65457,             0.27117,            0.043268,           0.0077282,            0.021932,           0.0088516,           0.0088516,           0.0088516
                  60,            0.061297,            0.013868,             0.03179,             0.57983,                0.85,             0.65457,             0.27117,            0.043268,           0.0077282,            0.021932,           0.0088318,           0.0088318,           0.0088318
                  61,            0.067043,            0.015135,            0.031022,             0.41961,                0.75,             0.62388,             0.43834,            0.034987,           0.0088999,            0.021614,            0.008812,            0.008812,            0.008812
                  62,            0.058743,            0.013201,            0.031274,             0.41961,                0.75,             0.62388,             0.43834,            0.034987,           0.0088999,            0.021614,           0.0087922,           0.0087922,           0.0087922
                  63,            0.065555,            0.013142,            0.030146,             0.36159,                0.55,             0.60779,             0.26042,            0.033252,           0.0090414,            0.021413,           0.0087724,           0.0087724,           0.0087724
                  64,            0.052185,            0.013885,            0.031239,             0.36159,                0.55,             0.60779,             0.26042,            0.033252,           0.0090414,            0.021413,           0.0087526,           0.0087526,           0.0087526
                  65,            0.054895,            0.015382,            0.033169,             0.34036,                 0.9,             0.61025,             0.38821,            0.037982,           0.0090384,            0.021258,           0.0087328,           0.0087328,           0.0087328
                  66,            0.050365,            0.015425,            0.032637,             0.34036,                 0.9,             0.61025,             0.38821,            0.037982,           0.0090384,            0.021258,            0.008713,            0.008713,            0.008713
                  67,            0.051225,             0.01418,            0.028243,             0.28718,                   1,             0.61632,             0.27201,             0.03674,           0.0097523,            0.021109,           0.0086932,           0.0086932,           0.0086932
                  68,            0.047079,            0.014732,            0.032482,             0.28718,                   1,             0.61632,             0.27201,             0.03674,           0.0097523,            0.021109,           0.0086734,           0.0086734,           0.0086734
                  69,            0.047859,            0.013678,            0.031516,             0.38211,                   1,              0.6825,             0.43803,            0.037968,           0.0089082,            0.021193,           0.0086536,           0.0086536,           0.0086536
                  70,            0.045794,            0.015342,             0.03133,             0.38211,                   1,              0.6825,             0.43803,            0.037968,           0.0089082,            0.021193,           0.0086338,           0.0086338,           0.0086338
                  71,            0.046888,            0.014234,            0.031829,             0.32609,             0.85966,             0.73214,             0.25152,             0.03424,           0.0098794,            0.021115,            0.008614,            0.008614,            0.008614
                  72,            0.049728,            0.016504,            0.031966,             0.32609,             0.85966,             0.73214,             0.25152,             0.03424,           0.0098794,            0.021115,           0.0085942,           0.0085942,           0.0085942
                  73,            0.046251,            0.012459,            0.034609,             0.49316,                   1,             0.72136,             0.30076,            0.036699,           0.0085289,            0.020966,           0.0085744,           0.0085744,           0.0085744
                  74,            0.040342,            0.013985,            0.031749,             0.49316,                   1,             0.72136,             0.30076,            0.036699,           0.0085289,            0.020966,           0.0085546,           0.0085546,           0.0085546
                  75,            0.048997,            0.018469,            0.031713,             0.31591,                   1,             0.43242,             0.21555,            0.030369,           0.0092956,            0.020966,           0.0085348,           0.0085348,           0.0085348
                  76,            0.044244,            0.013259,            0.028871,             0.31591,                   1,             0.43242,             0.21555,            0.030369,           0.0092956,            0.020966,            0.008515,            0.008515,            0.008515
                  77,            0.045657,            0.015818,            0.031756,             0.48758,                   1,             0.68017,             0.45881,             0.02853,           0.0089937,            0.021044,           0.0084952,           0.0084952,           0.0084952
                  78,            0.050469,            0.013526,            0.028932,             0.48758,                   1,             0.68017,             0.45881,             0.02853,           0.0089937,            0.021044,           0.0084754,           0.0084754,           0.0084754
                  79,            0.042946,            0.011743,            0.025979,             0.32115,                 0.9,             0.61113,             0.16993,            0.036905,           0.0086977,            0.020901,           0.0084556,           0.0084556,           0.0084556
                  80,            0.044099,            0.011251,            0.029824,             0.32115,                 0.9,             0.61113,             0.16993,            0.036905,           0.0086977,            0.020901,           0.0084358,           0.0084358,           0.0084358
                  81,            0.045908,            0.013925,            0.030339,             0.43425,                 0.9,             0.65033,             0.31425,            0.028142,           0.0086766,            0.020875,            0.008416,            0.008416,            0.008416
                  82,            0.047622,            0.010953,            0.032823,             0.43425,                 0.9,             0.65033,             0.31425,            0.028142,           0.0086766,            0.020875,           0.0083962,           0.0083962,           0.0083962
                  83,            0.038561,            0.011624,            0.025452,             0.43904,                 0.9,             0.66198,             0.41773,            0.037235,           0.0083863,            0.020648,           0.0083764,           0.0083764,           0.0083764
                  84,            0.047997,            0.013924,            0.030266,             0.43904,                 0.9,             0.66198,             0.41773,            0.037235,           0.0083863,            0.020648,           0.0083566,           0.0083566,           0.0083566
                  85,            0.044272,            0.010039,            0.035288,             0.39808,                   1,             0.62834,             0.37538,            0.028003,           0.0075389,            0.020661,           0.0083368,           0.0083368,           0.0083368
                  86,            0.037881,            0.010613,            0.030724,             0.39808,                   1,             0.62834,             0.37538,            0.028003,           0.0075389,            0.020661,            0.008317,            0.008317,            0.008317
                  87,            0.039535,            0.013611,            0.029387,             0.51843,                   1,             0.69345,             0.40423,            0.025262,           0.0073675,            0.020694,           0.0082972,           0.0082972,           0.0082972
                  88,            0.043303,            0.014422,            0.029002,             0.51843,                   1,             0.69345,             0.40423,            0.025262,           0.0073675,            0.020694,           0.0082774,           0.0082774,           0.0082774
                  89,            0.041824,            0.013039,            0.029025,             0.42978,                   1,             0.62976,             0.32179,            0.030992,           0.0078459,            0.020668,           0.0082576,           0.0082576,           0.0082576
                  90,            0.042134,            0.013783,            0.029208,             0.42978,                   1,             0.62976,             0.32179,            0.030992,           0.0078459,            0.020668,           0.0082378,           0.0082378,           0.0082378
                  91,            0.044596,            0.012295,            0.027654,               0.446,             0.90554,             0.63648,             0.48943,            0.025692,           0.0079606,            0.020544,            0.008218,            0.008218,            0.008218
                  92,            0.043176,            0.012976,            0.030362,               0.446,             0.90554,             0.63648,             0.48943,            0.025692,           0.0079606,            0.020544,           0.0081982,           0.0081982,           0.0081982
                  93,            0.043188,            0.012441,            0.028468,             0.52379,             0.98804,             0.70585,             0.30208,            0.024421,           0.0078524,            0.020512,           0.0081784,           0.0081784,           0.0081784
                  94,            0.037411,            0.012893,            0.028757,             0.52379,             0.98804,             0.70585,             0.30208,            0.024421,           0.0078524,            0.020512,           0.0081586,           0.0081586,           0.0081586
                  95,            0.039316,            0.013373,            0.029675,             0.57587,                 0.9,             0.70259,             0.54354,            0.025527,           0.0078251,            0.020512,           0.0081388,           0.0081388,           0.0081388
                  96,            0.041448,            0.012707,             0.02845,             0.57587,                 0.9,             0.70259,             0.54354,            0.025527,           0.0078251,            0.020512,            0.008119,            0.008119,            0.008119
                  97,            0.042827,            0.013134,            0.029366,             0.50817,                0.95,               0.694,             0.34799,            0.024377,           0.0076553,            0.020376,           0.0080992,           0.0080992,           0.0080992
                  98,            0.040136,            0.010935,            0.027385,             0.50817,                0.95,               0.694,             0.34799,            0.024377,           0.0076553,            0.020376,           0.0080794,           0.0080794,           0.0080794
                  99,            0.035134,             0.01061,            0.031888,             0.55458,                 0.9,             0.63098,             0.28622,            0.030173,           0.0074803,            0.020395,           0.0080596,           0.0080596,           0.0080596
                 100,            0.046951,           0.0095328,             0.03012,             0.55458,                 0.9,             0.63098,             0.28622,            0.030173,           0.0074803,            0.020395,           0.0080398,           0.0080398,           0.0080398
                 101,            0.040605,            0.014016,            0.028881,             0.53295,                0.95,             0.71894,              0.5726,            0.015199,           0.0068946,            0.020129,             0.00802,             0.00802,             0.00802
                 102,            0.035791,            0.015391,            0.029016,             0.53295,                0.95,             0.71894,              0.5726,            0.015199,           0.0068946,            0.020129,           0.0080002,           0.0080002,           0.0080002
                 103,            0.032119,            0.011159,            0.029553,             0.63133,                0.95,             0.71894,             0.35172,            0.026658,           0.0066416,             0.02046,           0.0079804,           0.0079804,           0.0079804
                 104,            0.041289,             0.01089,            0.028044,             0.63133,                0.95,             0.71894,             0.35172,            0.026658,           0.0066416,             0.02046,           0.0079606,           0.0079606,           0.0079606
                 105,             0.04064,           0.0088093,             0.02914,             0.57221,                0.95,             0.72057,             0.27653,            0.025223,           0.0068262,            0.020019,           0.0079408,           0.0079408,           0.0079408
                 106,            0.032935,            0.011222,             0.02692,             0.57221,                0.95,             0.72057,             0.27653,            0.025223,           0.0068262,            0.020019,            0.007921,            0.007921,            0.007921
                 107,            0.040965,            0.014083,            0.026866,             0.50367,             0.81646,             0.69719,             0.58369,            0.026345,           0.0069306,            0.020006,           0.0079012,           0.0079012,           0.0079012
                 108,            0.048526,            0.012326,            0.028126,             0.50367,             0.81646,             0.69719,             0.58369,            0.026345,           0.0069306,            0.020006,           0.0078814,           0.0078814,           0.0078814
                 109,            0.047278,            0.011647,            0.027602,             0.57775,             0.84905,             0.70748,             0.31179,            0.022567,           0.0062807,            0.019753,           0.0078616,           0.0078616,           0.0078616
                 110,            0.026222,           0.0090689,            0.023095,             0.57775,             0.84905,             0.70748,             0.31179,            0.022567,           0.0062807,            0.019753,           0.0078418,           0.0078418,           0.0078418
                 111,            0.027638,           0.0086702,            0.022298,             0.55343,             0.91544,             0.72691,             0.52392,              0.0211,           0.0061549,            0.019585,            0.007822,            0.007822,            0.007822
                 112,            0.034742,             0.01138,            0.025814,             0.55343,             0.91544,             0.72691,             0.52392,              0.0211,           0.0061549,            0.019585,           0.0078022,           0.0078022,           0.0078022
                 113,            0.035416,           0.0095231,            0.027204,              0.4002,                0.85,             0.70624,             0.46744,            0.026976,           0.0058836,            0.019397,           0.0077824,           0.0077824,           0.0077824
                 114,            0.042102,            0.011869,            0.025436,              0.4002,                0.85,             0.70624,             0.46744,            0.026976,           0.0058836,            0.019397,           0.0077626,           0.0077626,           0.0077626
                 115,            0.041074,            0.012116,            0.027966,             0.58583,                 0.9,             0.73912,             0.29114,             0.02495,           0.0058639,            0.019371,           0.0077428,           0.0077428,           0.0077428
                 116,            0.035525,           0.0096228,            0.027283,             0.58583,                 0.9,             0.73912,             0.29114,             0.02495,           0.0058639,            0.019371,            0.007723,            0.007723,            0.007723
                 117,            0.036223,           0.0084544,            0.021351,             0.62951,                   1,             0.76518,              0.4216,            0.021108,           0.0058516,            0.019254,           0.0077032,           0.0077032,           0.0077032
                 118,            0.034187,            0.012449,            0.027455,             0.62951,                   1,             0.76518,              0.4216,            0.021108,           0.0058516,            0.019254,           0.0076834,           0.0076834,           0.0076834
                 119,            0.029759,            0.010332,             0.02657,             0.67704,             0.82052,             0.74773,             0.56888,            0.019946,           0.0059173,            0.019293,           0.0076636,           0.0076636,           0.0076636
                 120,            0.031984,            0.011142,            0.024105,             0.67704,             0.82052,             0.74773,             0.56888,            0.019946,           0.0059173,            0.019293,           0.0076438,           0.0076438,           0.0076438
                 121,            0.032469,            0.011311,            0.025714,             0.70259,                   1,             0.83208,             0.54708,            0.022404,           0.0058677,            0.019066,            0.007624,            0.007624,            0.007624
                 122,            0.034665,           0.0077047,            0.023969,             0.70259,                   1,             0.83208,             0.54708,            0.022404,           0.0058677,            0.019066,           0.0076042,           0.0076042,           0.0076042
                 123,            0.036937,            0.012574,            0.026405,             0.60214,                0.75,             0.79225,             0.58949,            0.021323,            0.005672,             0.01902,           0.0075844,           0.0075844,           0.0075844
                 124,            0.036952,            0.014725,            0.022749,             0.60214,                0.75,             0.79225,             0.58949,            0.021323,            0.005672,             0.01902,           0.0075646,           0.0075646,           0.0075646
                 125,            0.032574,           0.0076243,            0.026856,             0.77238,             0.97012,             0.94019,             0.62033,            0.019526,           0.0055983,            0.018768,           0.0075448,           0.0075448,           0.0075448
                 126,             0.03494,             0.01189,            0.022591,             0.77238,             0.97012,             0.94019,             0.62033,            0.019526,           0.0055983,            0.018768,            0.007525,            0.007525,            0.007525
                 127,            0.035728,            0.010023,            0.026468,             0.76897,                   1,              0.9325,             0.68854,            0.020001,           0.0053638,            0.018638,           0.0075052,           0.0075052,           0.0075052
                 128,            0.037257,            0.011636,            0.023002,             0.76897,                   1,              0.9325,             0.68854,            0.020001,           0.0053638,            0.018638,           0.0074854,           0.0074854,           0.0074854
                 129,            0.038439,            0.010776,            0.025384,             0.95829,                   1,               0.995,              0.7909,            0.015051,           0.0054023,            0.018476,           0.0074656,           0.0074656,           0.0074656
                 130,            0.033199,             0.01157,            0.026249,             0.95829,                   1,               0.995,              0.7909,            0.015051,           0.0054023,            0.018476,           0.0074458,           0.0074458,           0.0074458
                 131,            0.029855,            0.010019,            0.023861,             0.98135,                   1,               0.995,              0.7557,            0.017947,           0.0055966,            0.018126,            0.007426,            0.007426,            0.007426
                 132,            0.034245,            0.011958,            0.021065,             0.98135,                   1,               0.995,              0.7557,            0.017947,           0.0055966,            0.018126,           0.0074062,           0.0074062,           0.0074062
                 133,            0.035153,           0.0094505,            0.023942,             0.92834,             0.95565,             0.97227,             0.54332,            0.023202,           0.0052062,            0.017827,           0.0073864,           0.0073864,           0.0073864
                 134,            0.035953,            0.010916,            0.020358,             0.92834,             0.95565,             0.97227,             0.54332,            0.023202,           0.0052062,            0.017827,           0.0073666,           0.0073666,           0.0073666
                 135,            0.037068,            0.010899,            0.021607,             0.99296,              0.9862,               0.995,             0.64052,            0.021489,           0.0056657,            0.017341,           0.0073468,           0.0073468,           0.0073468
                 136,             0.03917,            0.013724,            0.022187,             0.99296,              0.9862,               0.995,             0.64052,            0.021489,           0.0056657,            0.017341,            0.007327,            0.007327,            0.007327
                 137,             0.03699,           0.0083685,            0.026945,             0.97635,                   1,               0.995,             0.53942,            0.022631,            0.005433,            0.016861,           0.0073072,           0.0073072,           0.0073072
                 138,            0.034066,            0.011545,            0.020775,             0.97635,                   1,               0.995,             0.53942,            0.022631,            0.005433,            0.016861,           0.0072874,           0.0072874,           0.0072874
                 139,            0.033307,            0.010351,              0.0193,             0.92278,                   1,             0.95864,             0.63286,            0.016807,           0.0053964,             0.01617,           0.0072676,           0.0072676,           0.0072676
                 140,            0.035755,           0.0081773,             0.02293,             0.92278,                   1,             0.95864,             0.63286,            0.016807,           0.0053964,             0.01617,           0.0072478,           0.0072478,           0.0072478
                 141,            0.029086,            0.008592,            0.023325,             0.95504,                   1,               0.995,             0.77221,            0.017559,           0.0051185,            0.015331,            0.007228,            0.007228,            0.007228
                 142,             0.03337,            0.012056,             0.02174,             0.95504,                   1,               0.995,             0.77221,            0.017559,           0.0051185,            0.015331,           0.0072082,           0.0072082,           0.0072082
                 143,            0.035385,           0.0097391,            0.021283,             0.95854,                   1,               0.995,             0.55041,            0.018574,           0.0050702,            0.014795,           0.0071884,           0.0071884,           0.0071884
                 144,            0.035787,           0.0086823,            0.018449,             0.95854,                   1,               0.995,             0.55041,            0.018574,           0.0050702,            0.014795,           0.0071686,           0.0071686,           0.0071686
                 145,            0.036053,            0.011363,            0.018604,             0.96355,                   1,               0.995,             0.69658,            0.019985,           0.0051987,            0.014108,           0.0071488,           0.0071488,           0.0071488
                 146,            0.033778,            0.010823,            0.016719,             0.96355,                   1,               0.995,             0.69658,            0.019985,           0.0051987,            0.014108,            0.007129,            0.007129,            0.007129
                 147,            0.038901,           0.0084536,            0.018589,             0.97689,                   1,               0.995,             0.67477,            0.015671,           0.0053709,            0.013511,           0.0071092,           0.0071092,           0.0071092
                 148,            0.034212,            0.011375,            0.022189,             0.97689,                   1,               0.995,             0.67477,            0.015671,           0.0053709,            0.013511,           0.0070894,           0.0070894,           0.0070894
                 149,            0.032388,           0.0094228,            0.018035,             0.97263,                   1,               0.995,             0.73239,            0.016642,           0.0052458,            0.012672,           0.0070696,           0.0070696,           0.0070696
                 150,            0.035545,            0.011424,            0.021855,             0.97263,                   1,               0.995,             0.73239,            0.016642,           0.0052458,            0.012672,           0.0070498,           0.0070498,           0.0070498
                 151,             0.04097,            0.009686,            0.017666,             0.81382,                   1,             0.95821,              0.5117,            0.017921,           0.0054285,            0.012477,             0.00703,             0.00703,             0.00703
                 152,            0.039226,           0.0095042,            0.022632,             0.81382,                   1,             0.95821,              0.5117,            0.017921,           0.0054285,            0.012477,           0.0070102,           0.0070102,           0.0070102
                 153,             0.04106,           0.0095605,             0.02212,             0.98022,                   1,               0.995,             0.68305,            0.020283,           0.0051334,            0.012078,           0.0069904,           0.0069904,           0.0069904
                 154,             0.03699,           0.0090582,            0.016529,             0.98022,                   1,               0.995,             0.68305,            0.020283,           0.0051334,            0.012078,           0.0069706,           0.0069706,           0.0069706
                 155,            0.035285,           0.0086997,            0.015843,              0.9275,             0.99194,               0.995,             0.49774,            0.018047,           0.0053957,            0.012059,           0.0069508,           0.0069508,           0.0069508
                 156,            0.028296,           0.0078218,            0.014896,              0.9275,             0.99194,               0.995,             0.49774,            0.018047,           0.0053957,            0.012059,            0.006931,            0.006931,            0.006931
                 157,            0.033592,           0.0086819,            0.013695,             0.96664,             0.99506,               0.995,             0.62157,            0.019381,           0.0052431,            0.011699,           0.0069112,           0.0069112,           0.0069112
                 158,             0.03211,            0.010208,            0.016238,             0.96664,             0.99506,               0.995,             0.62157,            0.019381,           0.0052431,            0.011699,           0.0068914,           0.0068914,           0.0068914
                 159,            0.036261,            0.011569,            0.015836,             0.80385,             0.99045,             0.96081,             0.57247,             0.01875,           0.0053709,            0.011381,           0.0068716,           0.0068716,           0.0068716
                 160,            0.040519,           0.0099619,            0.016016,             0.80385,             0.99045,             0.96081,             0.57247,             0.01875,           0.0053709,            0.011381,           0.0068518,           0.0068518,           0.0068518
                 161,            0.035619,            0.010963,            0.016401,             0.80461,             0.98763,             0.96882,              0.5904,            0.017378,           0.0050966,            0.011666,            0.006832,            0.006832,            0.006832
                 162,            0.031291,           0.0092722,             0.02288,             0.80461,             0.98763,             0.96882,              0.5904,            0.017378,           0.0050966,            0.011666,           0.0068122,           0.0068122,           0.0068122
                 163,            0.030036,           0.0087585,            0.013966,             0.94495,             0.98701,               0.995,             0.74452,             0.01283,           0.0049438,             0.01064,           0.0067924,           0.0067924,           0.0067924
                 164,            0.028613,           0.0077679,             0.01875,             0.94495,             0.98701,               0.995,             0.74452,             0.01283,           0.0049438,             0.01064,           0.0067726,           0.0067726,           0.0067726
                 165,            0.031814,           0.0084057,            0.020196,             0.91033,                   1,             0.98591,             0.83133,            0.017833,           0.0049028,            0.010143,           0.0067528,           0.0067528,           0.0067528
                 166,            0.036445,           0.0091046,            0.018802,             0.91033,                   1,             0.98591,             0.83133,            0.017833,           0.0049028,            0.010143,            0.006733,            0.006733,            0.006733
                 167,            0.030106,            0.010537,            0.017956,             0.67006,                   1,             0.93534,             0.53637,            0.016676,           0.0048447,            0.009413,           0.0067132,           0.0067132,           0.0067132
                 168,            0.027515,           0.0085614,            0.018559,             0.67006,                   1,             0.93534,             0.53637,            0.016676,           0.0048447,            0.009413,           0.0066934,           0.0066934,           0.0066934
                 169,            0.029775,           0.0098636,            0.014049,             0.96067,             0.89334,               0.995,             0.71262,            0.016779,           0.0046544,           0.0097453,           0.0066736,           0.0066736,           0.0066736
                 170,            0.034032,            0.010279,            0.016471,             0.96067,             0.89334,               0.995,             0.71262,            0.016779,           0.0046544,           0.0097453,           0.0066538,           0.0066538,           0.0066538
                 171,             0.03437,           0.0096061,            0.021245,             0.91507,             0.95607,               0.995,             0.69807,            0.016677,           0.0046107,           0.0097307,            0.006634,            0.006634,            0.006634
                 172,            0.026763,           0.0071736,            0.014098,             0.91507,             0.95607,               0.995,             0.69807,            0.016677,           0.0046107,           0.0097307,           0.0066142,           0.0066142,           0.0066142
                 173,             0.03011,           0.0096817,            0.014497,             0.96819,                   1,               0.995,             0.80326,            0.013732,           0.0045591,            0.009413,           0.0065944,           0.0065944,           0.0065944
                 174,            0.035387,            0.010642,            0.013749,             0.96819,                   1,               0.995,             0.80326,            0.013732,           0.0045591,            0.009413,           0.0065746,           0.0065746,           0.0065746
                 175,             0.03468,            0.008591,            0.011748,             0.54589,                   1,             0.73343,             0.49522,            0.021412,           0.0047808,            0.009006,           0.0065548,           0.0065548,           0.0065548
                 176,            0.035239,           0.0080678,            0.012098,             0.54589,                   1,             0.73343,             0.49522,            0.021412,           0.0047808,            0.009006,            0.006535,            0.006535,            0.006535
                 177,            0.035575,            0.010364,            0.010997,             0.98238,                   1,               0.995,             0.79679,            0.012938,           0.0044736,           0.0089006,           0.0065152,           0.0065152,           0.0065152
                 178,            0.033476,           0.0080602,            0.014953,             0.98238,                   1,               0.995,             0.79679,            0.012938,           0.0044736,           0.0089006,           0.0064954,           0.0064954,           0.0064954
                 179,            0.034498,           0.0098881,            0.016802,             0.61396,                   1,             0.80133,             0.42409,            0.018523,           0.0045782,           0.0086704,           0.0064756,           0.0064756,           0.0064756
                 180,            0.030006,           0.0072822,            0.014151,             0.61396,                   1,             0.80133,             0.42409,            0.018523,           0.0045782,           0.0086704,           0.0064558,           0.0064558,           0.0064558
                 181,            0.030423,           0.0073261,            0.017078,             0.98954,                   1,               0.995,             0.68071,            0.015468,           0.0042422,           0.0087515,            0.006436,            0.006436,            0.006436
                 182,            0.035594,           0.0080289,            0.022059,             0.98954,                   1,               0.995,             0.68071,            0.015468,           0.0042422,           0.0087515,           0.0064162,           0.0064162,           0.0064162
                 183,            0.029921,           0.0090264,             0.01342,             0.90758,             0.97205,               0.995,             0.58587,             0.01823,           0.0044468,           0.0096302,           0.0063964,           0.0063964,           0.0063964
                 184,            0.030426,           0.0086013,            0.021933,             0.90758,             0.97205,               0.995,             0.58587,             0.01823,           0.0044468,           0.0096302,           0.0063766,           0.0063766,           0.0063766
                 185,            0.032865,            0.011359,            0.014586,             0.75918,                   1,             0.90683,             0.60489,            0.015321,           0.0045691,           0.0083543,           0.0063568,           0.0063568,           0.0063568
                 186,            0.033255,           0.0095629,            0.011474,             0.75918,                   1,             0.90683,             0.60489,            0.015321,           0.0045691,           0.0083543,            0.006337,            0.006337,            0.006337
                 187,            0.034045,           0.0084927,           0.0097955,             0.92354,             0.98806,               0.995,             0.57185,            0.019771,           0.0046946,           0.0081792,           0.0063172,           0.0063172,           0.0063172
                 188,            0.032465,           0.0080435,            0.021855,             0.92354,             0.98806,               0.995,             0.57185,            0.019771,           0.0046946,           0.0081792,           0.0062974,           0.0062974,           0.0062974
                 189,            0.034408,           0.0087077,           0.0086284,             0.93985,             0.99419,               0.995,             0.64238,            0.015558,           0.0046427,           0.0075923,           0.0062776,           0.0062776,           0.0062776
                 190,            0.029213,           0.0081657,            0.014181,             0.93985,             0.99419,               0.995,             0.64238,            0.015558,           0.0046427,           0.0075923,           0.0062578,           0.0062578,           0.0062578
                 191,            0.030241,           0.0077583,           0.0097988,             0.97755,             0.99482,               0.995,             0.61528,            0.023111,           0.0047611,           0.0067476,            0.006238,            0.006238,            0.006238
                 192,            0.035328,            0.010216,            0.014111,             0.97755,             0.99482,               0.995,             0.61528,            0.023111,           0.0047611,           0.0067476,           0.0062182,           0.0062182,           0.0062182
                 193,             0.03377,           0.0098353,           0.0099953,             0.97852,             0.99543,               0.995,             0.72245,            0.014034,           0.0044523,           0.0064169,           0.0061984,           0.0061984,           0.0061984
                 194,            0.027798,            0.011271,            0.010497,             0.97852,             0.99543,               0.995,             0.72245,            0.014034,           0.0044523,           0.0064169,           0.0061786,           0.0061786,           0.0061786
                 195,            0.029718,            0.010447,            0.016304,              0.9237,                   1,               0.995,             0.65436,            0.014801,           0.0045301,           0.0056695,           0.0061588,           0.0061588,           0.0061588
                 196,            0.028184,           0.0073293,            0.010742,              0.9237,                   1,               0.995,             0.65436,            0.014801,           0.0045301,           0.0056695,            0.006139,            0.006139,            0.006139
                 197,            0.023386,           0.0082113,            0.014191,             0.94455,                   1,             0.98591,             0.83242,            0.013702,           0.0042142,           0.0054004,           0.0061192,           0.0061192,           0.0061192
                 198,            0.026564,           0.0094336,            0.016726,             0.94455,                   1,             0.98591,             0.83242,            0.013702,           0.0042142,           0.0054004,           0.0060994,           0.0060994,           0.0060994
                 199,            0.023915,           0.0092215,            0.015728,             0.97001,                   1,               0.995,             0.57484,            0.019338,           0.0045523,           0.0051742,           0.0060796,           0.0060796,           0.0060796
                 200,            0.033723,            0.010313,            0.014434,             0.97001,                   1,               0.995,             0.57484,            0.019338,           0.0045523,           0.0051742,           0.0060598,           0.0060598,           0.0060598
                 201,            0.029536,           0.0078752,           0.0078444,             0.82767,                   1,             0.97167,             0.67456,            0.018342,           0.0045219,           0.0050494,             0.00604,             0.00604,             0.00604
                 202,            0.034436,           0.0099669,           0.0093934,             0.82767,                   1,             0.97167,             0.67456,            0.018342,           0.0045219,           0.0050494,           0.0060202,           0.0060202,           0.0060202
                 203,            0.033791,           0.0095253,            0.010908,             0.98946,                   1,               0.995,             0.72619,            0.018987,           0.0045093,            0.004957,           0.0060004,           0.0060004,           0.0060004
                 204,            0.021496,           0.0061482,           0.0082073,             0.98946,                   1,               0.995,             0.72619,            0.018987,           0.0045093,            0.004957,           0.0059806,           0.0059806,           0.0059806
                 205,             0.02919,           0.0085013,             0.02646,              0.9881,                   1,               0.995,             0.87896,            0.013486,           0.0042734,            0.004974,           0.0059608,           0.0059608,           0.0059608
                 206,            0.029207,             0.00802,            0.010908,              0.9881,                   1,               0.995,             0.87896,            0.013486,           0.0042734,            0.004974,            0.005941,            0.005941,            0.005941
                 207,            0.028649,            0.011272,            0.010208,             0.98557,                   1,               0.995,             0.56343,            0.017787,           0.0046628,           0.0048783,           0.0059212,           0.0059212,           0.0059212
                 208,            0.027135,           0.0093251,           0.0074857,             0.98557,                   1,               0.995,             0.56343,            0.017787,           0.0046628,           0.0048783,           0.0059014,           0.0059014,           0.0059014
                 209,            0.033237,           0.0068951,            0.011154,             0.98734,                   1,               0.995,             0.82188,            0.014436,           0.0043324,           0.0048427,           0.0058816,           0.0058816,           0.0058816
                 210,            0.028729,           0.0094167,            0.010037,             0.98734,                   1,               0.995,             0.82188,            0.014436,           0.0043324,           0.0048427,           0.0058618,           0.0058618,           0.0058618
                 211,            0.030459,           0.0090767,            0.012226,             0.98439,                   1,               0.995,              0.8358,            0.013756,            0.004346,           0.0049124,            0.005842,            0.005842,            0.005842
                 212,            0.026023,             0.00676,            0.015092,             0.98439,                   1,               0.995,              0.8358,            0.013756,            0.004346,           0.0049124,           0.0058222,           0.0058222,           0.0058222
                 213,            0.027543,           0.0066041,            0.017752,             0.98869,                   1,               0.995,             0.42948,            0.020296,           0.0048162,           0.0047989,           0.0058024,           0.0058024,           0.0058024
                 214,              0.0367,           0.0087494,            0.010566,             0.98869,                   1,               0.995,             0.42948,            0.020296,           0.0048162,           0.0047989,           0.0057826,           0.0057826,           0.0057826
                 215,            0.032626,           0.0084952,           0.0072565,             0.98754,                   1,               0.995,             0.78058,            0.013307,           0.0043938,           0.0048021,           0.0057628,           0.0057628,           0.0057628
                 216,            0.027496,           0.0079108,           0.0073577,             0.98754,                   1,               0.995,             0.78058,            0.013307,           0.0043938,           0.0048021,            0.005743,            0.005743,            0.005743
                 217,             0.02729,           0.0068572,            0.011207,             0.99176,                   1,               0.995,             0.80941,            0.014004,           0.0044943,           0.0045954,           0.0057232,           0.0057232,           0.0057232
                 218,            0.030531,           0.0088037,           0.0098143,             0.99176,                   1,               0.995,             0.80941,            0.014004,           0.0044943,           0.0045954,           0.0057034,           0.0057034,           0.0057034
                 219,            0.030429,           0.0097601,            0.011167,             0.99267,                   1,               0.995,              0.6524,            0.013626,             0.00444,           0.0045484,           0.0056836,           0.0056836,           0.0056836
                 220,            0.027512,           0.0069864,           0.0089908,             0.99267,                   1,               0.995,              0.6524,            0.013626,             0.00444,           0.0045484,           0.0056638,           0.0056638,           0.0056638
                 221,            0.026428,           0.0081933,             0.01021,             0.99301,                   1,               0.995,              0.8628,            0.013623,           0.0044552,           0.0045079,            0.005644,            0.005644,            0.005644
                 222,            0.024257,           0.0090476,           0.0070312,             0.99301,                   1,               0.995,              0.8628,            0.013623,           0.0044552,           0.0045079,           0.0056242,           0.0056242,           0.0056242
                 223,            0.027423,           0.0069447,            0.016712,             0.98482,                   1,               0.995,             0.88799,            0.016033,           0.0045633,           0.0044422,           0.0056044,           0.0056044,           0.0056044
                 224,            0.030712,            0.009903,            0.010833,             0.98482,                   1,               0.995,             0.88799,            0.016033,           0.0045633,           0.0044422,           0.0055846,           0.0055846,           0.0055846
                 225,            0.029274,            0.009097,           0.0078208,              0.9099,                   1,             0.98667,             0.74354,            0.016517,           0.0045971,           0.0044503,           0.0055648,           0.0055648,           0.0055648
                 226,            0.028344,           0.0094993,           0.0077162,              0.9099,                   1,             0.98667,             0.74354,            0.016517,           0.0045971,           0.0044503,            0.005545,            0.005545,            0.005545
                 227,            0.028126,           0.0089513,           0.0080851,             0.99253,                   1,               0.995,             0.84055,            0.014503,           0.0045178,           0.0044503,           0.0055252,           0.0055252,           0.0055252
                 228,            0.024342,            0.009409,           0.0087783,             0.99253,                   1,               0.995,             0.84055,            0.014503,           0.0045178,           0.0044503,           0.0055054,           0.0055054,           0.0055054
                 229,            0.021809,           0.0097936,           0.0068973,             0.97975,                   1,               0.995,             0.79257,            0.014146,           0.0044589,           0.0044406,           0.0054856,           0.0054856,           0.0054856
                 230,            0.026601,           0.0076298,            0.007252,             0.97975,                   1,               0.995,             0.79257,            0.014146,           0.0044589,           0.0044406,           0.0054658,           0.0054658,           0.0054658
                 231,            0.025693,           0.0068835,            0.011867,              0.9915,                   1,               0.995,             0.82034,             0.01268,           0.0044308,            0.004426,            0.005446,            0.005446,            0.005446
                 232,            0.023922,             0.01034,           0.0074663,              0.9915,                   1,               0.995,             0.82034,             0.01268,           0.0044308,            0.004426,           0.0054262,           0.0054262,           0.0054262
                 233,            0.017656,            0.005927,           0.0063832,             0.98569,                   1,               0.995,             0.90966,            0.014378,            0.004346,           0.0043182,           0.0054064,           0.0054064,           0.0054064
                 234,            0.020668,           0.0071244,           0.0076956,             0.98569,                   1,               0.995,             0.90966,            0.014378,            0.004346,           0.0043182,           0.0053866,           0.0053866,           0.0053866
                 235,            0.022387,            0.008763,            0.008126,             0.99273,                   1,               0.995,             0.79588,            0.012759,            0.004211,           0.0042469,           0.0053668,           0.0053668,           0.0053668
                 236,            0.019462,           0.0091158,            0.012472,             0.99273,                   1,               0.995,             0.79588,            0.012759,            0.004211,           0.0042469,            0.005347,            0.005347,            0.005347
                 237,            0.023501,           0.0067399,           0.0074192,             0.99349,                   1,               0.995,             0.82323,            0.015178,           0.0043197,           0.0041334,           0.0053272,           0.0053272,           0.0053272
                 238,            0.027853,           0.0093701,           0.0081425,             0.99349,                   1,               0.995,             0.82323,            0.015178,           0.0043197,           0.0041334,           0.0053074,           0.0053074,           0.0053074
                 239,            0.022158,           0.0065375,           0.0062835,             0.99406,                   1,               0.995,             0.63931,             0.01959,           0.0045545,           0.0040839,           0.0052876,           0.0052876,           0.0052876
                 240,            0.034685,            0.010391,            0.010095,             0.99406,                   1,               0.995,             0.63931,             0.01959,           0.0045545,           0.0040839,           0.0052678,           0.0052678,           0.0052678
                 241,            0.033613,             0.01005,            0.013295,             0.99356,                   1,               0.995,             0.67468,            0.017795,           0.0042471,           0.0039915,            0.005248,            0.005248,            0.005248
                 242,            0.033162,           0.0065143,           0.0082759,             0.99356,                   1,               0.995,             0.67468,            0.017795,           0.0042471,           0.0039915,           0.0052282,           0.0052282,           0.0052282
                 243,            0.028547,           0.0082442,             0.00782,             0.99272,                   1,               0.995,             0.74412,            0.014429,           0.0040522,           0.0039291,           0.0052084,           0.0052084,           0.0052084
                 244,            0.025036,            0.010707,           0.0074112,             0.99272,                   1,               0.995,             0.74412,            0.014429,           0.0040522,           0.0039291,           0.0051886,           0.0051886,           0.0051886
                 245,            0.026024,           0.0091499,           0.0075377,             0.99314,                   1,               0.995,             0.80951,            0.013334,           0.0040029,           0.0039202,           0.0051688,           0.0051688,           0.0051688
                 246,            0.025459,           0.0091321,           0.0078587,             0.99314,                   1,               0.995,             0.80951,            0.013334,           0.0040029,           0.0039202,            0.005149,            0.005149,            0.005149
                 247,            0.026594,             0.00878,           0.0089643,             0.92298,                   1,               0.995,             0.78212,            0.014971,           0.0041965,           0.0038245,           0.0051292,           0.0051292,           0.0051292
                 248,            0.023803,           0.0084649,            0.013523,             0.92298,                   1,               0.995,             0.78212,            0.014971,           0.0041965,           0.0038245,           0.0051094,           0.0051094,           0.0051094
                 249,            0.022516,           0.0064403,           0.0056356,             0.99108,                   1,               0.995,             0.66285,            0.017022,           0.0042257,           0.0038051,           0.0050896,           0.0050896,           0.0050896
                 250,            0.029115,            0.010185,            0.010236,             0.99108,                   1,               0.995,             0.66285,            0.017022,           0.0042257,           0.0038051,           0.0050698,           0.0050698,           0.0050698
                 251,            0.027554,           0.0095708,           0.0085107,              0.9924,                   1,               0.995,             0.84886,            0.012457,           0.0038634,           0.0038124,             0.00505,             0.00505,             0.00505
                 252,            0.021886,            0.008332,            0.017769,              0.9924,                   1,               0.995,             0.84886,            0.012457,           0.0038634,           0.0038124,           0.0050302,           0.0050302,           0.0050302
                 253,            0.025683,           0.0071388,            0.006511,             0.99171,                   1,               0.995,             0.82101,            0.014816,           0.0041155,            0.003741,           0.0050104,           0.0050104,           0.0050104
                 254,            0.029002,           0.0083799,            0.017162,             0.99171,                   1,               0.995,             0.82101,            0.014816,           0.0041155,            0.003741,           0.0049906,           0.0049906,           0.0049906
                 255,             0.02755,            0.007503,            0.008147,             0.99067,                   1,               0.995,             0.87268,           0.0098451,           0.0036643,           0.0037143,           0.0049708,           0.0049708,           0.0049708
                 256,            0.021356,           0.0087293,           0.0071044,             0.99067,                   1,               0.995,             0.87268,           0.0098451,           0.0036643,           0.0037143,            0.004951,            0.004951,            0.004951
                 257,            0.024908,           0.0074293,            0.010224,             0.99023,                   1,               0.995,             0.69263,            0.012953,           0.0038205,           0.0036705,           0.0049312,           0.0049312,           0.0049312
                 258,            0.027395,           0.0066455,           0.0055585,             0.99023,                   1,               0.995,             0.69263,            0.012953,           0.0038205,           0.0036705,           0.0049114,           0.0049114,           0.0049114
                 259,            0.024603,           0.0067644,           0.0072754,             0.98977,                   1,               0.995,             0.89543,            0.015991,           0.0038492,           0.0036827,           0.0048916,           0.0048916,           0.0048916
                 260,            0.025918,           0.0092948,           0.0060627,             0.98977,                   1,               0.995,             0.89543,            0.015991,           0.0038492,           0.0036827,           0.0048718,           0.0048718,           0.0048718
                 261,            0.025364,           0.0058859,            0.010257,             0.98977,                   1,               0.995,              0.7431,            0.014409,           0.0038191,           0.0036916,            0.004852,            0.004852,            0.004852
                 262,            0.024198,           0.0091793,           0.0099987,             0.98977,                   1,               0.995,              0.7431,            0.014409,           0.0038191,           0.0036916,           0.0048322,           0.0048322,           0.0048322
                 263,            0.026104,             0.01145,           0.0069366,             0.98622,                   1,               0.995,             0.80824,            0.014897,           0.0037535,           0.0037118,           0.0048124,           0.0048124,           0.0048124
                 264,            0.029499,           0.0073998,            0.011061,             0.98622,                   1,               0.995,             0.80824,            0.014897,           0.0037535,           0.0037118,           0.0047926,           0.0047926,           0.0047926
                 265,            0.025728,           0.0092166,           0.0088025,             0.98937,                   1,               0.995,             0.77086,            0.015001,           0.0039077,           0.0037345,           0.0047728,           0.0047728,           0.0047728
                 266,            0.027205,            0.010428,            0.013673,             0.98937,                   1,               0.995,             0.77086,            0.015001,           0.0039077,           0.0037345,            0.004753,            0.004753,            0.004753
                 267,            0.027875,           0.0077271,           0.0064964,             0.98833,                   1,               0.995,              0.8343,             0.01197,           0.0038795,           0.0038091,           0.0047332,           0.0047332,           0.0047332
                 268,            0.021707,           0.0090541,            0.010512,             0.98833,                   1,               0.995,              0.8343,             0.01197,           0.0038795,           0.0038091,           0.0047134,           0.0047134,           0.0047134
                 269,            0.022985,           0.0088546,           0.0066684,             0.96021,             0.97584,               0.995,              0.6551,            0.013268,           0.0041125,           0.0038578,           0.0046936,           0.0046936,           0.0046936
                 270,            0.030886,           0.0094445,           0.0087456,             0.96021,             0.97584,               0.995,              0.6551,            0.013268,           0.0041125,           0.0038578,           0.0046738,           0.0046738,           0.0046738
                 271,            0.026089,           0.0075166,            0.010149,             0.98919,                   1,               0.995,             0.86908,            0.011822,           0.0037817,           0.0038116,            0.004654,            0.004654,            0.004654
                 272,            0.022899,           0.0065365,           0.0083712,             0.98919,                   1,               0.995,             0.86908,            0.011822,           0.0037817,           0.0038116,           0.0046342,           0.0046342,           0.0046342
                 273,            0.026401,           0.0083442,           0.0079933,             0.98958,                   1,               0.995,             0.74144,            0.010427,            0.003863,           0.0037848,           0.0046144,           0.0046144,           0.0046144
                 274,            0.023255,           0.0088539,             0.01385,             0.98958,                   1,               0.995,             0.74144,            0.010427,            0.003863,           0.0037848,           0.0045946,           0.0045946,           0.0045946
                 275,            0.021112,           0.0069786,           0.0091435,             0.99079,                   1,               0.995,             0.83012,           0.0097569,            0.003742,           0.0036786,           0.0045748,           0.0045748,           0.0045748
                 276,            0.020717,           0.0085639,           0.0075924,             0.99079,                   1,               0.995,             0.83012,           0.0097569,            0.003742,           0.0036786,            0.004555,            0.004555,            0.004555
                 277,            0.022919,           0.0067212,           0.0075234,              0.9911,                   1,               0.995,              0.7961,            0.012566,           0.0039378,           0.0036356,           0.0045352,           0.0045352,           0.0045352
                 278,            0.021275,           0.0088408,           0.0074811,              0.9911,                   1,               0.995,              0.7961,            0.012566,           0.0039378,           0.0036356,           0.0045154,           0.0045154,           0.0045154
                 279,            0.021434,           0.0078936,           0.0055843,             0.99166,                   1,               0.995,              0.8535,             0.00979,           0.0038106,           0.0035651,           0.0044956,           0.0044956,           0.0044956
                 280,            0.022562,           0.0097861,           0.0063896,             0.99166,                   1,               0.995,              0.8535,             0.00979,           0.0038106,           0.0035651,           0.0044758,           0.0044758,           0.0044758
                 281,            0.021375,           0.0096254,           0.0072992,             0.99197,                   1,               0.995,             0.89836,            0.013276,           0.0038441,           0.0035367,            0.004456,            0.004456,            0.004456
                 282,            0.023816,           0.0066359,            0.010889,             0.99197,                   1,               0.995,             0.89836,            0.013276,           0.0038441,           0.0035367,           0.0044362,           0.0044362,           0.0044362
                 283,            0.020067,           0.0064924,           0.0045303,             0.99254,                   1,               0.995,             0.91855,            0.010686,           0.0038087,           0.0034865,           0.0044164,           0.0044164,           0.0044164
                 284,            0.022422,           0.0075308,             0.01613,             0.99254,                   1,               0.995,             0.91855,            0.010686,           0.0038087,           0.0034865,           0.0043966,           0.0043966,           0.0043966
                 285,            0.022044,           0.0094389,           0.0079058,             0.99307,                   1,               0.995,             0.85862,            0.012731,           0.0038141,           0.0034622,           0.0043768,           0.0043768,           0.0043768
                 286,            0.021637,           0.0088771,           0.0070207,             0.99307,                   1,               0.995,             0.85862,            0.012731,           0.0038141,           0.0034622,            0.004357,            0.004357,            0.004357
                 287,            0.019901,           0.0059503,           0.0088237,             0.99347,                   1,               0.995,             0.82076,             0.01137,           0.0039341,           0.0034046,           0.0043372,           0.0043372,           0.0043372
                 288,            0.020921,           0.0080772,           0.0091071,             0.99347,                   1,               0.995,             0.82076,             0.01137,           0.0039341,           0.0034046,           0.0043174,           0.0043174,           0.0043174
                 289,            0.023002,           0.0068152,            0.012662,             0.99384,                   1,               0.995,             0.81641,            0.014623,           0.0040973,             0.00339,           0.0042976,           0.0042976,           0.0042976
                 290,            0.025962,           0.0081005,           0.0087845,             0.99384,                   1,               0.995,             0.81641,            0.014623,           0.0040973,             0.00339,           0.0042778,           0.0042778,           0.0042778
                 291,            0.023001,           0.0087687,            0.004919,             0.99385,                   1,               0.995,              0.8109,            0.011368,           0.0039808,           0.0033746,            0.004258,            0.004258,            0.004258
                 292,            0.024065,           0.0066287,           0.0072789,             0.99385,                   1,               0.995,              0.8109,            0.011368,           0.0039808,           0.0033746,           0.0042382,           0.0042382,           0.0042382
                 293,            0.026824,             0.00719,           0.0085208,             0.99401,                   1,               0.995,             0.86093,            0.014181,           0.0039035,           0.0033479,           0.0042184,           0.0042184,           0.0042184
                 294,            0.020145,           0.0064164,           0.0047699,             0.99401,                   1,               0.995,             0.86093,            0.014181,           0.0039035,           0.0033479,           0.0041986,           0.0041986,           0.0041986
                 295,            0.017238,           0.0061378,           0.0050214,             0.99429,                   1,               0.995,             0.81254,            0.011088,           0.0038637,           0.0033422,           0.0041788,           0.0041788,           0.0041788
                 296,            0.022699,           0.0066884,           0.0063408,             0.99429,                   1,               0.995,             0.81254,            0.011088,           0.0038637,           0.0033422,            0.004159,            0.004159,            0.004159
                 297,            0.021025,           0.0080403,           0.0052789,              0.9938,                   1,               0.995,             0.84545,             0.01269,           0.0038637,           0.0033503,           0.0041392,           0.0041392,           0.0041392
                 298,            0.026323,           0.0084148,           0.0071297,              0.9938,                   1,               0.995,             0.84545,             0.01269,           0.0038637,           0.0033503,           0.0041194,           0.0041194,           0.0041194
                 299,            0.022529,           0.0078381,            0.010475,             0.99397,                   1,               0.995,             0.84192,            0.011575,           0.0038638,           0.0033187,           0.0040996,           0.0040996,           0.0040996
                 300,            0.021856,            0.010779,           0.0076833,             0.99397,                   1,               0.995,             0.84192,            0.011575,           0.0038638,           0.0033187,           0.0040798,           0.0040798,           0.0040798
                 301,            0.021908,           0.0092819,           0.0083037,             0.99386,                   1,               0.995,             0.81199,            0.011324,           0.0038915,           0.0032846,             0.00406,             0.00406,             0.00406
                 302,            0.023595,           0.0072185,           0.0068206,             0.99386,                   1,               0.995,             0.81199,            0.011324,           0.0038915,           0.0032846,           0.0040402,           0.0040402,           0.0040402
                 303,            0.016839,           0.0063694,           0.0068483,             0.99408,                   1,               0.995,             0.88853,            0.013349,            0.004018,           0.0032879,           0.0040204,           0.0040204,           0.0040204
                 304,            0.019852,           0.0053464,           0.0074094,             0.99408,                   1,               0.995,             0.88853,            0.013349,            0.004018,           0.0032879,           0.0040006,           0.0040006,           0.0040006
                 305,             0.02039,           0.0080394,           0.0048843,             0.99406,                   1,               0.995,             0.89367,            0.011523,           0.0036942,           0.0032538,           0.0039808,           0.0039808,           0.0039808
                 306,             0.02408,            0.008772,           0.0097529,             0.99406,                   1,               0.995,             0.89367,            0.011523,           0.0036942,           0.0032538,            0.003961,            0.003961,            0.003961
                 307,            0.019697,            0.007916,           0.0062913,             0.99254,                   1,               0.995,             0.77456,            0.013484,           0.0038946,           0.0032255,           0.0039412,           0.0039412,           0.0039412
                 308,            0.025738,           0.0055845,             0.00633,             0.99254,                   1,               0.995,             0.77456,            0.013484,           0.0038946,           0.0032255,           0.0039214,           0.0039214,           0.0039214
                 309,            0.022646,           0.0069414,           0.0045674,             0.99419,                   1,               0.995,             0.81325,            0.012281,             0.00381,            0.003202,           0.0039016,           0.0039016,           0.0039016
                 310,            0.024525,           0.0075925,           0.0063395,             0.99419,                   1,               0.995,             0.81325,            0.012281,             0.00381,            0.003202,           0.0038818,           0.0038818,           0.0038818
                 311,            0.019477,           0.0068079,           0.0046094,             0.99421,                   1,               0.995,             0.82948,            0.011807,           0.0039715,           0.0031866,            0.003862,            0.003862,            0.003862
                 312,            0.021759,           0.0069706,           0.0049967,             0.99421,                   1,               0.995,             0.82948,            0.011807,           0.0039715,           0.0031866,           0.0038422,           0.0038422,           0.0038422
                 313,            0.020627,             0.01011,           0.0047483,             0.99419,                   1,               0.995,             0.84808,           0.0095925,           0.0038398,           0.0031404,           0.0038224,           0.0038224,           0.0038224
                 314,            0.021658,           0.0070202,           0.0035816,             0.99419,                   1,               0.995,             0.84808,           0.0095925,           0.0038398,           0.0031404,           0.0038026,           0.0038026,           0.0038026
                 315,            0.023566,           0.0082918,            0.006916,              0.9937,                   1,               0.995,             0.83291,            0.011509,           0.0040208,           0.0031371,           0.0037828,           0.0037828,           0.0037828
                 316,            0.016435,           0.0085516,            0.010452,              0.9937,                   1,               0.995,             0.83291,            0.011509,           0.0040208,           0.0031371,            0.003763,            0.003763,            0.003763
                 317,            0.020794,           0.0076953,           0.0051133,             0.99386,                   1,               0.995,             0.83893,           0.0099213,           0.0039189,           0.0031144,           0.0037432,           0.0037432,           0.0037432
                 318,            0.019682,           0.0062332,           0.0089526,             0.99386,                   1,               0.995,             0.83893,           0.0099213,           0.0039189,           0.0031144,           0.0037234,           0.0037234,           0.0037234
                 319,             0.01683,           0.0062888,           0.0088244,             0.99357,                   1,               0.995,             0.75565,            0.015253,           0.0042678,           0.0030658,           0.0037036,           0.0037036,           0.0037036
                 320,            0.021892,           0.0072091,           0.0049986,             0.99357,                   1,               0.995,             0.75565,            0.015253,           0.0042678,           0.0030658,           0.0036838,           0.0036838,           0.0036838
                 321,            0.023093,           0.0082616,           0.0062258,              0.9939,                   1,               0.995,             0.94869,           0.0086096,           0.0036626,           0.0030301,            0.003664,            0.003664,            0.003664
                 322,            0.019167,           0.0066538,           0.0069436,              0.9939,                   1,               0.995,             0.94869,           0.0086096,           0.0036626,           0.0030301,           0.0036442,           0.0036442,           0.0036442
                 323,            0.015082,           0.0053495,           0.0045086,             0.99362,                   1,               0.995,             0.88293,            0.008696,           0.0036575,           0.0029807,           0.0036244,           0.0036244,           0.0036244
                 324,            0.017237,           0.0065046,           0.0049349,             0.99362,                   1,               0.995,             0.88293,            0.008696,           0.0036575,           0.0029807,           0.0036046,           0.0036046,           0.0036046
                 325,            0.018518,            0.010299,           0.0051659,             0.99338,                   1,               0.995,             0.90668,           0.0084872,           0.0035311,           0.0029531,           0.0035848,           0.0035848,           0.0035848
                 326,            0.019232,           0.0054852,           0.0090491,             0.99338,                   1,               0.995,             0.90668,           0.0084872,           0.0035311,           0.0029531,            0.003565,            0.003565,            0.003565
                 327,            0.020665,           0.0068081,           0.0056162,             0.99349,                   1,               0.995,             0.78174,            0.010866,           0.0036703,           0.0029482,           0.0035452,           0.0035452,           0.0035452
                 328,            0.021764,           0.0066059,           0.0095677,             0.99349,                   1,               0.995,             0.78174,            0.010866,           0.0036703,           0.0029482,           0.0035254,           0.0035254,           0.0035254
